"test","n","secs"
"B_n",1000,0.000764131546020508
"P_n",1000,0.0014488697052002
"Hoeffding",1000,0.00703001022338867
"dCov",1000,0.124539136886597
"HHG",1000,0.536971807479858
"Genest",1000,3.46199893951416
"MIC",1000,0.204823970794678
"BET",1000,0.0034489631652832
"BEAST",1000,0.0856490135192871
"xi",1000,0.00113201141357422
"HHG_fast",1000,0.0370349884033203
"B_n",10000,0.0067589282989502
"P_n",10000,0.00648093223571777
"Hoeffding",10000,0.628058195114136
"dCov",10000,14.1976881027222
"HHG",10000,122.913457870483
"Genest",10000,3429.3696539402
"MIC",10000,7.21156692504883
"BET",10000,0.0191709995269775
"BEAST",10000,0.232619047164917
"xi",10000,0.011113166809082
"HHG_fast",10000,NA
"B_n",1e+05,0.219001054763794
"P_n",1e+05,0.210442066192627
"Hoeffding",1e+05,62.2947101593018
"dCov",1e+05,NA
"HHG",1e+05,NA
"Genest",1e+05,NA
"MIC",1e+05,551.394977092743
"BET",1e+05,0.0497350692749023
"BEAST",1e+05,1.6856210231781
"xi",1e+05,0.1093430519104
"HHG_fast",1e+05,NA
"B_n",1e+06,8.45627808570862
"P_n",1e+06,8.46286392211914
"Hoeffding",1e+06,NA
"dCov",1e+06,NA
"HHG",1e+06,NA
"Genest",1e+06,NA
"MIC",1e+06,NA
"BET",1e+06,0.566198110580444
"BEAST",1e+06,19.4867479801178
"xi",1e+06,1.64162516593933
"HHG_fast",1e+06,NA
