"dim","n","rho","p","saturated","test","power","se","crit","R0","R1"
"3x3",25,0,1,FALSE,"B_n",0.0501,0.00218151300706643,3.80777566079553,20000,10000
"3x3",25,0,1,FALSE,"ChiSq",0.0524,0.00222832313635164,9.0575894013394,20000,10000
"3x3",25,0,1,FALSE,"dCov",0.0492,0.00216285367050108,0.414706341902442,20000,10000
"3x3",25,0,1,FALSE,"Genest",0.0486,0.00215030323442997,0.0344124302222209,20000,10000
"3x3",25,0,1,FALSE,"HHG",0.0512,0.00220405444578849,467.915026562621,20000,10000
"3x3",25,0,1,FALSE,"Hoeffding",0.0509,0.00219793516737869,-0.0117670101637493,20000,10000
"3x3",25,0,1,FALSE,"P_n",0.0501,0.00218151300706643,3.8922271988019,20000,10000
"3x3",25,0.1,1,FALSE,"B_n",0.0556,0.00229147637997864,3.80777566079553,20000,10000
"3x3",25,0.1,1,FALSE,"ChiSq",0.063,0.00242962960140018,9.0575894013394,20000,10000
"3x3",25,0.1,1,FALSE,"dCov",0.0548,0.0022758945494025,0.414706341902442,20000,10000
"3x3",25,0.1,1,FALSE,"Genest",0.0524,0.00222832313635164,0.0344124302222209,20000,10000
"3x3",25,0.1,1,FALSE,"HHG",0.0598,0.00237115921017548,467.915026562621,20000,10000
"3x3",25,0.1,1,FALSE,"Hoeffding",0.0564,0.0023069252263565,-0.0117670101637493,20000,10000
"3x3",25,0.1,1,FALSE,"P_n",0.0556,0.00229147637997864,3.8922271988019,20000,10000
"3x3",25,0.2,1,FALSE,"B_n",0.0648,0.00246172622360814,3.80777566079553,20000,10000
"3x3",25,0.2,1,FALSE,"ChiSq",0.0859,0.00280216327147438,9.0575894013394,20000,10000
"3x3",25,0.2,1,FALSE,"dCov",0.0646,0.00245818713689581,0.414706341902442,20000,10000
"3x3",25,0.2,1,FALSE,"Genest",0.0641,0.00244930990280936,0.0344124302222209,20000,10000
"3x3",25,0.2,1,FALSE,"HHG",0.0777,0.00267698916695604,467.915026562621,20000,10000
"3x3",25,0.2,1,FALSE,"Hoeffding",0.0677,0.00251230392269725,-0.0117670101637493,20000,10000
"3x3",25,0.2,1,FALSE,"P_n",0.0648,0.00246172622360814,3.8922271988019,20000,10000
"3x3",25,0.3,1,FALSE,"B_n",0.0749,0.00263229918512315,3.80777566079553,20000,10000
"3x3",25,0.3,1,FALSE,"ChiSq",0.1349,0.00341616729684013,9.0575894013394,20000,10000
"3x3",25,0.3,1,FALSE,"dCov",0.0854,0.00279476009703874,0.414706341902442,20000,10000
"3x3",25,0.3,1,FALSE,"Genest",0.0756,0.00264357031304257,0.0344124302222209,20000,10000
"3x3",25,0.3,1,FALSE,"HHG",0.106,0.00307837619533416,467.915026562621,20000,10000
"3x3",25,0.3,1,FALSE,"Hoeffding",0.0825,0.00275124971603815,-0.0117670101637493,20000,10000
"3x3",25,0.3,1,FALSE,"P_n",0.0749,0.00263229918512315,3.8922271988019,20000,10000
"3x3",25,0.4,1,FALSE,"B_n",0.0899,0.00286038441472471,3.80777566079553,20000,10000
"3x3",25,0.4,1,FALSE,"ChiSq",0.2204,0.00414516392920714,9.0575894013394,20000,10000
"3x3",25,0.4,1,FALSE,"dCov",0.1057,0.00307453264741164,0.414706341902442,20000,10000
"3x3",25,0.4,1,FALSE,"Genest",0.0896,0.00285607843029564,0.0344124302222209,20000,10000
"3x3",25,0.4,1,FALSE,"HHG",0.1527,0.00359698081729664,467.915026562621,20000,10000
"3x3",25,0.4,1,FALSE,"Hoeffding",0.1064,0.00308348893301079,-0.0117670101637493,20000,10000
"3x3",25,0.4,1,FALSE,"P_n",0.0899,0.00286038441472471,3.8922271988019,20000,10000
"3x3",25,0.5,1,FALSE,"B_n",0.1258,0.00331623823028443,3.80777566079553,20000,10000
"3x3",25,0.5,1,FALSE,"ChiSq",0.333,0.0047128653704514,9.0575894013394,20000,10000
"3x3",25,0.5,1,FALSE,"dCov",0.1501,0.00357169413584086,0.414706341902442,20000,10000
"3x3",25,0.5,1,FALSE,"Genest",0.1254,0.00331171919099431,0.0344124302222209,20000,10000
"3x3",25,0.5,1,FALSE,"HHG",0.2337,0.0042318354174046,467.915026562621,20000,10000
"3x3",25,0.5,1,FALSE,"Hoeffding",0.1462,0.00353306609052251,-0.0117670101637493,20000,10000
"3x3",25,0.5,1,FALSE,"P_n",0.1258,0.00331623823028443,3.8922271988019,20000,10000
"3x3",25,0.6,1,FALSE,"B_n",0.1884,0.00391031251947974,3.80777566079553,20000,10000
"3x3",25,0.6,1,FALSE,"ChiSq",0.5075,0.00499943746835581,9.0575894013394,20000,10000
"3x3",25,0.6,1,FALSE,"dCov",0.2316,0.00421854761736785,0.414706341902442,20000,10000
"3x3",25,0.6,1,FALSE,"Genest",0.1936,0.00395119020043328,0.0344124302222209,20000,10000
"3x3",25,0.6,1,FALSE,"HHG",0.3585,0.00479559954541661,467.915026562621,20000,10000
"3x3",25,0.6,1,FALSE,"Hoeffding",0.2184,0.00413160307870928,-0.0117670101637493,20000,10000
"3x3",25,0.6,1,FALSE,"P_n",0.1884,0.00391031251947974,3.8922271988019,20000,10000
"3x3",25,0.7,1,FALSE,"B_n",0.2972,0.00457025338466042,3.80777566079553,20000,10000
"3x3",25,0.7,1,FALSE,"ChiSq",0.7218,0.00448112441246614,9.0575894013394,20000,10000
"3x3",25,0.7,1,FALSE,"dCov",0.367,0.00481986514334167,0.414706341902442,20000,10000
"3x3",25,0.7,1,FALSE,"Genest",0.3058,0.00460745439478244,0.0344124302222209,20000,10000
"3x3",25,0.7,1,FALSE,"HHG",0.5495,0.00497543716672214,467.915026562621,20000,10000
"3x3",25,0.7,1,FALSE,"Hoeffding",0.3439,0.00475008199929222,-0.0117670101637493,20000,10000
"3x3",25,0.7,1,FALSE,"P_n",0.2972,0.00457025338466042,3.8922271988019,20000,10000
"3x3",25,0.8,1,FALSE,"B_n",0.4916,0.00499929435020584,3.80777566079553,20000,10000
"3x3",25,0.8,1,FALSE,"ChiSq",0.8981,0.00302516759866292,9.0575894013394,20000,10000
"3x3",25,0.8,1,FALSE,"dCov",0.5744,0.00494433655812385,0.414706341902442,20000,10000
"3x3",25,0.8,1,FALSE,"Genest",0.5013,0.00499998309997144,0.0344124302222209,20000,10000
"3x3",25,0.8,1,FALSE,"HHG",0.7703,0.0042063988160896,467.915026562621,20000,10000
"3x3",25,0.8,1,FALSE,"Hoeffding",0.5476,0.00497729082935687,-0.0117670101637493,20000,10000
"3x3",25,0.8,1,FALSE,"P_n",0.4916,0.00499929435020584,3.8922271988019,20000,10000
"3x3",25,0.9,1,FALSE,"B_n",0.806141842552766,0.00395319076491886,3.80777566079553,20000,10000
"3x3",25,0.9,1,FALSE,"ChiSq",0.9867,0.00114556143440673,9.0575894013394,20000,10000
"3x3",25,0.9,1,FALSE,"dCov",0.8641,0.00342682345620547,0.414706341902442,20000,10000
"3x3",25,0.9,1,FALSE,"Genest",0.8072,0.0039449735106842,0.0344124302222209,20000,10000
"3x3",25,0.9,1,FALSE,"HHG",0.9579,0.00200817305031215,467.915026562621,20000,10000
"3x3",25,0.9,1,FALSE,"Hoeffding",0.8353,0.00370909571189529,-0.0117670101637493,20000,10000
"3x3",25,0.9,1,FALSE,"P_n",0.8062,0.00395274031527496,3.8922271988019,20000,10000
"3x3",50,0,2,TRUE,"B_n",0.0498,0.00217531514958178,9.57223824831668,20000,10000
"3x3",50,0,2,TRUE,"ChiSq",0.0498,0.00217531514958178,9.45059980513944,20000,10000
"3x3",50,0,2,TRUE,"dCov",0.0519,0.00221825133832936,0.296039617213208,20000,10000
"3x3",50,0,2,TRUE,"Genest",0.0517,0.00221420662992414,0.0357579244444416,20000,10000
"3x3",50,0,2,TRUE,"HHG",0.0526,0.00223233599621562,1949.17308160195,20000,10000
"3x3",50,0,2,TRUE,"Hoeffding",0.0498,0.00217531514958178,-0.0038704367472012,20000,10000
"3x3",50,0,2,TRUE,"P_n",0.0498,0.00217531514958178,9.45059980513943,20000,10000
"3x3",50,0.1,2,TRUE,"B_n",0.0661,0.00248456817173528,9.57223824831668,20000,10000
"3x3",50,0.1,2,TRUE,"ChiSq",0.0666,0.00249327976769555,9.45059980513944,20000,10000
"3x3",50,0.1,2,TRUE,"dCov",0.0538,0.00225622605250449,0.296039617213208,20000,10000
"3x3",50,0.1,2,TRUE,"Genest",0.0538,0.00225622605250449,0.0357579244444416,20000,10000
"3x3",50,0.1,2,TRUE,"HHG",0.0594,0.00236371825732256,1949.17308160195,20000,10000
"3x3",50,0.1,2,TRUE,"Hoeffding",0.0549,0.00227784964385273,-0.0038704367472012,20000,10000
"3x3",50,0.1,2,TRUE,"P_n",0.0666,0.00249327976769555,9.45059980513943,20000,10000
"3x3",50,0.2,2,TRUE,"B_n",0.1203,0.00325312019452095,9.57223824831668,20000,10000
"3x3",50,0.2,2,TRUE,"ChiSq",0.1203,0.00325312019452095,9.45059980513944,20000,10000
"3x3",50,0.2,2,TRUE,"dCov",0.0694,0.00254133114725334,0.296039617213208,20000,10000
"3x3",50,0.2,2,TRUE,"Genest",0.0621,0.00241337087908179,0.0357579244444416,20000,10000
"3x3",50,0.2,2,TRUE,"HHG",0.0854,0.00279476009703874,1949.17308160195,20000,10000
"3x3",50,0.2,2,TRUE,"Hoeffding",0.0664,0.00248979999196723,-0.0038704367472012,20000,10000
"3x3",50,0.2,2,TRUE,"P_n",0.1203,0.00325312019452095,9.45059980513943,20000,10000
"3x3",50,0.3,2,TRUE,"B_n",0.2325,0.00422426029027568,9.57223824831668,20000,10000
"3x3",50,0.3,2,TRUE,"ChiSq",0.2325,0.00422426029027568,9.45059980513944,20000,10000
"3x3",50,0.3,2,TRUE,"dCov",0.0966,0.00295412322017887,0.296039617213208,20000,10000
"3x3",50,0.3,2,TRUE,"Genest",0.0836,0.00276786993914093,0.0357579244444416,20000,10000
"3x3",50,0.3,2,TRUE,"HHG",0.1377,0.00344584837159153,1949.17308160195,20000,10000
"3x3",50,0.3,2,TRUE,"Hoeffding",0.0912,0.00287893313572928,-0.0038704367472012,20000,10000
"3x3",50,0.3,2,TRUE,"P_n",0.2325,0.00422426029027568,9.45059980513943,20000,10000
"3x3",50,0.4,2,TRUE,"B_n",0.4244,0.00494251595849725,9.57223824831668,20000,10000
"3x3",50,0.4,2,TRUE,"ChiSq",0.4226,0.00493972914237208,9.45059980513944,20000,10000
"3x3",50,0.4,2,TRUE,"dCov",0.1539,0.00360852864752381,0.296039617213208,20000,10000
"3x3",50,0.4,2,TRUE,"Genest",0.1226,0.00327977499228224,0.0357579244444416,20000,10000
"3x3",50,0.4,2,TRUE,"HHG",0.243,0.00428895092067979,1949.17308160195,20000,10000
"3x3",50,0.4,2,TRUE,"Hoeffding",0.1339,0.00340544842862141,-0.0038704367472012,20000,10000
"3x3",50,0.4,2,TRUE,"P_n",0.4226,0.00493972914237208,9.45059980513943,20000,10000
"3x3",50,0.5,2,TRUE,"B_n",0.6578,0.00474446161329186,9.57223824831668,20000,10000
"3x3",50,0.5,2,TRUE,"ChiSq",0.6551,0.0047533566034961,9.45059980513944,20000,10000
"3x3",50,0.5,2,TRUE,"dCov",0.2509,0.00433531071550817,0.296039617213208,20000,10000
"3x3",50,0.5,2,TRUE,"Genest",0.1988,0.0039909718114765,0.0357579244444416,20000,10000
"3x3",50,0.5,2,TRUE,"HHG",0.4086,0.00491575060392612,1949.17308160195,20000,10000
"3x3",50,0.5,2,TRUE,"Hoeffding",0.2128,0.00409287380699674,-0.0038704367472012,20000,10000
"3x3",50,0.5,2,TRUE,"P_n",0.6551,0.0047533566034961,9.45059980513943,20000,10000
"3x3",50,0.6,2,TRUE,"B_n",0.8653,0.00341402855875577,9.57223824831668,20000,10000
"3x3",50,0.6,2,TRUE,"ChiSq",0.8637,0.00343106849246703,9.45059980513944,20000,10000
"3x3",50,0.6,2,TRUE,"dCov",0.4066,0.00491198982083636,0.296039617213208,20000,10000
"3x3",50,0.6,2,TRUE,"Genest",0.3194,0.00466244184950333,0.0357579244444416,20000,10000
"3x3",50,0.6,2,TRUE,"HHG",0.6278,0.00483391311465152,1949.17308160195,20000,10000
"3x3",50,0.6,2,TRUE,"Hoeffding",0.3434,0.00474843595302706,-0.0038704367472012,20000,10000
"3x3",50,0.6,2,TRUE,"P_n",0.8637,0.00343106849246703,9.45059980513943,20000,10000
"3x3",50,0.7,2,TRUE,"B_n",0.9731,0.00161791192590944,9.57223824831668,20000,10000
"3x3",50,0.7,2,TRUE,"ChiSq",0.9721,0.00164686338231196,9.45059980513944,20000,10000
"3x3",50,0.7,2,TRUE,"dCov",0.6294,0.00482965464603837,0.296039617213208,20000,10000
"3x3",50,0.7,2,TRUE,"Genest",0.5325,0.00498942631972855,0.0357579244444416,20000,10000
"3x3",50,0.7,2,TRUE,"HHG",0.8403,0.00366327599287851,1949.17308160195,20000,10000
"3x3",50,0.7,2,TRUE,"Hoeffding",0.5556,0.00496899023947522,-0.0038704367472012,20000,10000
"3x3",50,0.7,2,TRUE,"P_n",0.9721,0.00164686338231196,9.45059980513943,20000,10000
"3x3",50,0.8,2,TRUE,"B_n",0.9984,0.000399679871897503,9.57223824831668,20000,10000
"3x3",50,0.8,2,TRUE,"ChiSq",0.9985,0.00038700775186034,9.45059980513944,20000,10000
"3x3",50,0.8,2,TRUE,"dCov",0.8619,0.00345004913008496,0.296039617213208,20000,10000
"3x3",50,0.8,2,TRUE,"Genest",0.784,0.00411514276787574,0.0357579244444416,20000,10000
"3x3",50,0.8,2,TRUE,"HHG",0.9722,0.00164399391726369,1949.17308160195,20000,10000
"3x3",50,0.8,2,TRUE,"Hoeffding",0.8063,0.00395196546037538,-0.0038704367472012,20000,10000
"3x3",50,0.8,2,TRUE,"P_n",0.9985,0.00038700775186034,9.45059980513943,20000,10000
"3x3",50,0.9,2,TRUE,"B_n",1,0,9.57223824831668,20000,10000
"3x3",50,0.9,2,TRUE,"ChiSq",1,0,9.45059980513944,20000,10000
"3x3",50,0.9,2,TRUE,"dCov",0.9926,0.000857043756175842,0.296039617213208,20000,10000
"3x3",50,0.9,2,TRUE,"Genest",0.9816,0.00134392856953039,0.0357579244444416,20000,10000
"3x3",50,0.9,2,TRUE,"HHG",0.9992,0.000282729552753161,1949.17308160195,20000,10000
"3x3",50,0.9,2,TRUE,"Hoeffding",0.9842,0.00124701082593537,-0.0038704367472012,20000,10000
"3x3",50,0.9,2,TRUE,"P_n",1,0,9.45059980513943,20000,10000
"3x3",100,0,2,TRUE,"B_n",0.0519,0.00221825133832936,9.53157433513063,20000,10000
"3x3",100,0,2,TRUE,"ChiSq",0.0527,0.00223433905215838,9.45737412969453,20000,10000
"3x3",100,0,2,TRUE,"dCov",0.0542,0.00226411925480969,0.207941909664738,20000,10000
"3x3",100,0,2,TRUE,"Genest",0.0552,0.00228370225730063,0.0358263580555551,20000,10000
"3x3",100,0,2,TRUE,"HHG",0.0533,0.00224631053062572,7890.01712086934,20000,10000
"3x3",100,0,2,TRUE,"Hoeffding",0.0528,0.00223633986683599,-0.00173403318122977,20000,10000
"3x3",100,0,2,TRUE,"P_n",0.0527,0.00223433905215838,9.45737412969454,20000,10000
"3x3",100,0.1,2,TRUE,"B_n",0.0853,0.00279327603362074,9.53157433513063,20000,10000
"3x3",100,0.1,2,TRUE,"ChiSq",0.0856,0.00279772478989625,9.45737412969453,20000,10000
"3x3",100,0.1,2,TRUE,"dCov",0.0603,0.00238041824056194,0.207941909664738,20000,10000
"3x3",100,0.1,2,TRUE,"Genest",0.0581,0.00233932447514234,0.0358263580555551,20000,10000
"3x3",100,0.1,2,TRUE,"HHG",0.0649,0.00246349325146224,7890.01712086934,20000,10000
"3x3",100,0.1,2,TRUE,"Hoeffding",0.061,0.00239330315672712,-0.00173403318122977,20000,10000
"3x3",100,0.1,2,TRUE,"P_n",0.0856,0.00279772478989625,9.45737412969454,20000,10000
"3x3",100,0.2,2,TRUE,"B_n",0.2102,0.00407450561418192,9.53157433513063,20000,10000
"3x3",100,0.2,2,TRUE,"ChiSq",0.2113,0.00408230706831321,9.45737412969453,20000,10000
"3x3",100,0.2,2,TRUE,"dCov",0.0923,0.00289448976505359,0.207941909664738,20000,10000
"3x3",100,0.2,2,TRUE,"Genest",0.0784,0.002688,0.0358263580555551,20000,10000
"3x3",100,0.2,2,TRUE,"HHG",0.1158,0.00319984937145485,7890.01712086934,20000,10000
"3x3",100,0.2,2,TRUE,"Hoeffding",0.0837,0.00276937375592389,-0.00173403318122977,20000,10000
"3x3",100,0.2,2,TRUE,"P_n",0.2113,0.00408230706831321,9.45737412969454,20000,10000
"3x3",100,0.3,2,TRUE,"B_n",0.4621,0.00498561520777527,9.53157433513063,20000,10000
"3x3",100,0.3,2,TRUE,"ChiSq",0.4626,0.00498599277977817,9.45737412969453,20000,10000
"3x3",100,0.3,2,TRUE,"dCov",0.1462,0.00353306609052251,0.207941909664738,20000,10000
"3x3",100,0.3,2,TRUE,"Genest",0.1126,0.00316103210992865,0.0358263580555551,20000,10000
"3x3",100,0.3,2,TRUE,"HHG",0.2252,0.00417713969122413,7890.01712086934,20000,10000
"3x3",100,0.3,2,TRUE,"Hoeffding",0.1195,0.00324375939304998,-0.00173403318122977,20000,10000
"3x3",100,0.3,2,TRUE,"P_n",0.4626,0.00498599277977817,9.45737412969454,20000,10000
"3x3",100,0.4,2,TRUE,"B_n",0.763,0.00425242283880613,9.53157433513063,20000,10000
"3x3",100,0.4,2,TRUE,"ChiSq",0.7633,0.00425056596231608,9.45737412969453,20000,10000
"3x3",100,0.4,2,TRUE,"dCov",0.2782,0.00448112441246614,0.207941909664738,20000,10000
"3x3",100,0.4,2,TRUE,"Genest",0.1982,0.00398643650394685,0.0358263580555551,20000,10000
"3x3",100,0.4,2,TRUE,"HHG",0.4555,0.00498015813001957,7890.01712086934,20000,10000
"3x3",100,0.4,2,TRUE,"Hoeffding",0.2066,0.00404865953125229,-0.00173403318122977,20000,10000
"3x3",100,0.4,2,TRUE,"P_n",0.7633,0.00425056596231608,9.45737412969454,20000,10000
"3x3",100,0.5,2,TRUE,"B_n",0.9502,0.00217531514958178,9.53157433513063,20000,10000
"3x3",100,0.5,2,TRUE,"ChiSq",0.9498,0.00218357413430367,9.45737412969453,20000,10000
"3x3",100,0.5,2,TRUE,"dCov",0.4891,0.00499881175880829,0.207941909664738,20000,10000
"3x3",100,0.5,2,TRUE,"Genest",0.3572,0.0047917445674827,0.0358263580555551,20000,10000
"3x3",100,0.5,2,TRUE,"HHG",0.732,0.00442917599560008,7890.01712086934,20000,10000
"3x3",100,0.5,2,TRUE,"Hoeffding",0.3683,0.00482343352810008,-0.00173403318122977,20000,10000
"3x3",100,0.5,2,TRUE,"P_n",0.9498,0.00218357413430367,9.45737412969454,20000,10000
"3x3",100,0.6,2,TRUE,"B_n",0.9962,0.000615269046840488,9.53157433513063,20000,10000
"3x3",100,0.6,2,TRUE,"ChiSq",0.9962,0.000615269046840488,9.45737412969453,20000,10000
"3x3",100,0.6,2,TRUE,"dCov",0.7337,0.00442022974516031,0.207941909664738,20000,10000
"3x3",100,0.6,2,TRUE,"Genest",0.5745,0.00494418597951169,0.0358263580555551,20000,10000
"3x3",100,0.6,2,TRUE,"HHG",0.926,0.00261770892193918,7890.01712086934,20000,10000
"3x3",100,0.6,2,TRUE,"Hoeffding",0.5806,0.00493460879908428,-0.00173403318122977,20000,10000
"3x3",100,0.6,2,TRUE,"P_n",0.9962,0.000615269046840488,9.45737412969454,20000,10000
"3x3",100,0.7,2,TRUE,"B_n",1,0,9.53157433513063,20000,10000
"3x3",100,0.7,2,TRUE,"ChiSq",1,0,9.45737412969453,20000,10000
"3x3",100,0.7,2,TRUE,"dCov",0.9296,0.00255819936674216,0.207941909664738,20000,10000
"3x3",100,0.7,2,TRUE,"Genest",0.8324,0.00373510695964654,0.0358263580555551,20000,10000
"3x3",100,0.7,2,TRUE,"HHG",0.9937,0.000791221208006963,7890.01712086934,20000,10000
"3x3",100,0.7,2,TRUE,"Hoeffding",0.8354,0.00370819147294203,-0.00173403318122977,20000,10000
"3x3",100,0.7,2,TRUE,"P_n",1,0,9.45737412969454,20000,10000
"3x3",100,0.8,2,TRUE,"B_n",1,0,9.53157433513063,20000,10000
"3x3",100,0.8,2,TRUE,"ChiSq",1,0,9.45737412969453,20000,10000
"3x3",100,0.8,2,TRUE,"dCov",0.9962,0.000615269046840488,0.207941909664738,20000,10000
"3x3",100,0.8,2,TRUE,"Genest",0.9781,0.00146357063375841,0.0358263580555551,20000,10000
"3x3",100,0.8,2,TRUE,"HHG",1,0,7890.01712086934,20000,10000
"3x3",100,0.8,2,TRUE,"Hoeffding",0.9792,0.00142714259974258,-0.00173403318122977,20000,10000
"3x3",100,0.8,2,TRUE,"P_n",1,0,9.45737412969454,20000,10000
"3x3",100,0.9,2,TRUE,"B_n",1,0,9.53157433513063,20000,10000
"3x3",100,0.9,2,TRUE,"ChiSq",1,0,9.45737412969453,20000,10000
"3x3",100,0.9,2,TRUE,"dCov",1,0,0.207941909664738,20000,10000
"3x3",100,0.9,2,TRUE,"Genest",1,0,0.0358263580555551,20000,10000
"3x3",100,0.9,2,TRUE,"HHG",1,0,7890.01712086934,20000,10000
"3x3",100,0.9,2,TRUE,"Hoeffding",1,0,-0.00173403318122977,20000,10000
"3x3",100,0.9,2,TRUE,"P_n",1,0,9.45737412969454,20000,10000
"3x3",200,0,2,TRUE,"B_n",0.0549,0.00227784964385273,9.42642423898665,20000,10000
"3x3",200,0,2,TRUE,"ChiSq",0.0549,0.00227784964385273,9.40434143916011,20000,10000
"3x3",200,0,2,TRUE,"dCov",0.0501,0.00218151300706643,0.145807353916665,20000,10000
"3x3",200,0,2,TRUE,"Genest",0.0489,0.00215658966889856,0.0359898580278038,20000,10000
"3x3",200,0,2,TRUE,"HHG",0.053,0.00224033479640879,30978.004096021,20000,10000
"3x3",200,0,2,TRUE,"Hoeffding",0.0484,0.00214609971809327,-0.000808235050559759,20000,10000
"3x3",200,0,2,TRUE,"P_n",0.0549,0.00227784964385273,9.40434143915999,20000,10000
"3x3",200,0.1,2,TRUE,"B_n",0.1255,0.00331284998151139,9.42642423898665,20000,10000
"3x3",200,0.1,2,TRUE,"ChiSq",0.126,0.00331849363416596,9.40434143916011,20000,10000
"3x3",200,0.1,2,TRUE,"dCov",0.0673,0.00250540834995016,0.145807353916665,20000,10000
"3x3",200,0.1,2,TRUE,"Genest",0.0609,0.00239146795922504,0.0359898580278038,20000,10000
"3x3",200,0.1,2,TRUE,"HHG",0.0783,0.00268643090363404,30978.004096021,20000,10000
"3x3",200,0.1,2,TRUE,"Hoeffding",0.0634,0.00243681021009023,-0.000808235050559759,20000,10000
"3x3",200,0.1,2,TRUE,"P_n",0.126,0.00331849363416596,9.40434143915999,20000,10000
"3x3",200,0.2,2,TRUE,"B_n",0.4188,0.00493362503642099,9.42642423898665,20000,10000
"3x3",200,0.2,2,TRUE,"ChiSq",0.4191,0.00493411785428763,9.40434143916011,20000,10000
"3x3",200,0.2,2,TRUE,"dCov",0.1288,0.00334978447067867,0.145807353916665,20000,10000
"3x3",200,0.2,2,TRUE,"Genest",0.0921,0.00289167062439691,0.0359898580278038,20000,10000
"3x3",200,0.2,2,TRUE,"HHG",0.1917,0.00393638298441602,30978.004096021,20000,10000
"3x3",200,0.2,2,TRUE,"Hoeffding",0.0959,0.00294454054140879,-0.000808235050559759,20000,10000
"3x3",200,0.2,2,TRUE,"P_n",0.4191,0.00493411785428763,9.40434143915999,20000,10000
"3x3",200,0.3,2,TRUE,"B_n",0.8196,0.00384520272547495,9.42642423898665,20000,10000
"3x3",200,0.3,2,TRUE,"ChiSq",0.819,0.00385018181388879,9.40434143916011,20000,10000
"3x3",200,0.3,2,TRUE,"dCov",0.2909,0.00454177487332871,0.145807353916665,20000,10000
"3x3",200,0.3,2,TRUE,"Genest",0.1857,0.00388864385101027,0.0359898580278038,20000,10000
"3x3",200,0.3,2,TRUE,"HHG",0.4867,0.00499823078698853,30978.004096021,20000,10000
"3x3",200,0.3,2,TRUE,"Hoeffding",0.1868,0.00389750894803335,-0.000808235050559759,20000,10000
"3x3",200,0.3,2,TRUE,"P_n",0.819,0.00385018181388879,9.40434143915999,20000,10000
"3x3",200,0.4,2,TRUE,"B_n",0.9838,0.00126244049364713,9.42642423898665,20000,10000
"3x3",200,0.4,2,TRUE,"ChiSq",0.9835,0.00127388186265446,9.40434143916011,20000,10000
"3x3",200,0.4,2,TRUE,"dCov",0.544,0.00498060237320748,0.145807353916665,20000,10000
"3x3",200,0.4,2,TRUE,"Genest",0.3493,0.0047674889617072,0.0359898580278038,20000,10000
"3x3",200,0.4,2,TRUE,"HHG",0.8175,0.00386256067913502,30978.004096021,20000,10000
"3x3",200,0.4,2,TRUE,"Hoeffding",0.3421,0.00474412889791161,-0.000808235050559759,20000,10000
"3x3",200,0.4,2,TRUE,"P_n",0.9835,0.00127388186265446,9.40434143915999,20000,10000
"3x3",200,0.5,2,TRUE,"B_n",0.9999,9.99949998749882e-05,9.42642423898665,20000,10000
"3x3",200,0.5,2,TRUE,"ChiSq",0.9999,9.99949998749882e-05,9.40434143916011,20000,10000
"3x3",200,0.5,2,TRUE,"dCov",0.8381,0.00368359050384268,0.145807353916665,20000,10000
"3x3",200,0.5,2,TRUE,"Genest",0.6221,0.00484862444410783,0.0359898580278038,20000,10000
"3x3",200,0.5,2,TRUE,"HHG",0.9799,0.00140342402715644,30978.004096021,20000,10000
"3x3",200,0.5,2,TRUE,"Hoeffding",0.6018,0.00489527077902745,-0.000808235050559759,20000,10000
"3x3",200,0.5,2,TRUE,"P_n",0.9999,9.99949998749882e-05,9.40434143915999,20000,10000
"3x3",200,0.6,2,TRUE,"B_n",1,0,9.42642423898665,20000,10000
"3x3",200,0.6,2,TRUE,"ChiSq",1,0,9.40434143916011,20000,10000
"3x3",200,0.6,2,TRUE,"dCov",0.9793,0.00142378053084034,0.145807353916665,20000,10000
"3x3",200,0.6,2,TRUE,"Genest",0.8739,0.00331962030961374,0.0359898580278038,20000,10000
"3x3",200,0.6,2,TRUE,"HHG",0.9988,0.000346202253025595,30978.004096021,20000,10000
"3x3",200,0.6,2,TRUE,"Hoeffding",0.8568,0.00350276690631849,-0.000808235050559759,20000,10000
"3x3",200,0.6,2,TRUE,"P_n",1,0,9.40434143915999,20000,10000
"3x3",200,0.7,2,TRUE,"B_n",1,0,9.42642423898665,20000,10000
"3x3",200,0.7,2,TRUE,"ChiSq",1,0,9.40434143916011,20000,10000
"3x3",200,0.7,2,TRUE,"dCov",0.9998,0.0001414072133945,0.145807353916665,20000,10000
"3x3",200,0.7,2,TRUE,"Genest",0.987,0.00113274004078606,0.0359898580278038,20000,10000
"3x3",200,0.7,2,TRUE,"HHG",1,0,30978.004096021,20000,10000
"3x3",200,0.7,2,TRUE,"Hoeffding",0.984,0.00125475097130865,-0.000808235050559759,20000,10000
"3x3",200,0.7,2,TRUE,"P_n",1,0,9.40434143915999,20000,10000
"3x3",200,0.8,2,TRUE,"B_n",1,0,9.42642423898665,20000,10000
"3x3",200,0.8,2,TRUE,"ChiSq",1,0,9.40434143916011,20000,10000
"3x3",200,0.8,2,TRUE,"dCov",1,0,0.145807353916665,20000,10000
"3x3",200,0.8,2,TRUE,"Genest",0.9999,9.99949998749882e-05,0.0359898580278038,20000,10000
"3x3",200,0.8,2,TRUE,"HHG",1,0,30978.004096021,20000,10000
"3x3",200,0.8,2,TRUE,"Hoeffding",0.9996,0.000199959995999189,-0.000808235050559759,20000,10000
"3x3",200,0.8,2,TRUE,"P_n",1,0,9.40434143915999,20000,10000
"3x3",200,0.9,2,TRUE,"B_n",1,0,9.42642423898665,20000,10000
"3x3",200,0.9,2,TRUE,"ChiSq",1,0,9.40434143916011,20000,10000
"3x3",200,0.9,2,TRUE,"dCov",1,0,0.145807353916665,20000,10000
"3x3",200,0.9,2,TRUE,"Genest",1,0,0.0359898580278038,20000,10000
"3x3",200,0.9,2,TRUE,"HHG",1,0,30978.004096021,20000,10000
"3x3",200,0.9,2,TRUE,"Hoeffding",1,0,-0.000808235050559759,20000,10000
"3x3",200,0.9,2,TRUE,"P_n",1,0,9.40434143915999,20000,10000
"5x5",25,0,1,FALSE,"B_n",0.0524,0.00222832313635164,3.84932348041978,20000,10000
"5x5",25,0,1,FALSE,"ChiSq",0.0448,0.00206864593393843,25.3597789115646,20000,10000
"5x5",25,0,1,FALSE,"dCov",0.0482,0.00214188608473934,0.436273105267678,20000,10000
"5x5",25,0,1,FALSE,"Genest",0.0503,0.0021856328602947,0.0438744888888872,20000,10000
"5x5",25,0,1,FALSE,"HHG",0.0499,0.00217738352156895,659.765351175706,20000,10000
"5x5",25,0,1,FALSE,"Hoeffding",0.0499,0.00217738352156895,0.012383143351214,20000,10000
"5x5",25,0,1,FALSE,"P_n",0.0524,0.00222832313635164,3.93116822493654,20000,10000
"5x5",25,0.1,1,FALSE,"B_n",0.0474,0.00212492917529032,3.84932348041978,20000,10000
"5x5",25,0.1,1,FALSE,"ChiSq",0.0553,0.00228564892317259,25.3597789115646,20000,10000
"5x5",25,0.1,1,FALSE,"dCov",0.0479,0.00213554653426237,0.436273105267678,20000,10000
"5x5",25,0.1,1,FALSE,"Genest",0.0477,0.00213130734526956,0.0438744888888872,20000,10000
"5x5",25,0.1,1,FALSE,"HHG",0.0539,0.00225820260384227,659.765351175706,20000,10000
"5x5",25,0.1,1,FALSE,"Hoeffding",0.0489,0.00215658966889856,0.012383143351214,20000,10000
"5x5",25,0.1,1,FALSE,"P_n",0.0474,0.00212492917529032,3.93116822493654,20000,10000
"5x5",25,0.2,1,FALSE,"B_n",0.0535,0.00225028331549607,3.84932348041978,20000,10000
"5x5",25,0.2,1,FALSE,"ChiSq",0.0643,0.00245286587484925,25.3597789115646,20000,10000
"5x5",25,0.2,1,FALSE,"dCov",0.0505,0.00218974313562116,0.436273105267678,20000,10000
"5x5",25,0.2,1,FALSE,"Genest",0.0524,0.00222832313635164,0.0438744888888872,20000,10000
"5x5",25,0.2,1,FALSE,"HHG",0.053,0.00224033479640879,659.765351175706,20000,10000
"5x5",25,0.2,1,FALSE,"Hoeffding",0.0537,0.00225424732449658,0.012383143351214,20000,10000
"5x5",25,0.2,1,FALSE,"P_n",0.0535,0.00225028331549607,3.93116822493654,20000,10000
"5x5",25,0.3,1,FALSE,"B_n",0.0518,0.00221623013245466,3.84932348041978,20000,10000
"5x5",25,0.3,1,FALSE,"ChiSq",0.0884,0.00283875747467092,25.3597789115646,20000,10000
"5x5",25,0.3,1,FALSE,"dCov",0.0484,0.00214609971809327,0.436273105267678,20000,10000
"5x5",25,0.3,1,FALSE,"Genest",0.0502,0.00218357413430366,0.0438744888888872,20000,10000
"5x5",25,0.3,1,FALSE,"HHG",0.0596,0.00236744250194171,659.765351175706,20000,10000
"5x5",25,0.3,1,FALSE,"Hoeffding",0.053,0.00224033479640879,0.012383143351214,20000,10000
"5x5",25,0.3,1,FALSE,"P_n",0.0518,0.00221623013245466,3.93116822493654,20000,10000
"5x5",25,0.4,1,FALSE,"B_n",0.0606,0.00238595138257258,3.84932348041978,20000,10000
"5x5",25,0.4,1,FALSE,"ChiSq",0.129,0.00335199940334124,25.3597789115646,20000,10000
"5x5",25,0.4,1,FALSE,"dCov",0.0576,0.00232985493110623,0.436273105267678,20000,10000
"5x5",25,0.4,1,FALSE,"Genest",0.06,0.00237486841740758,0.0438744888888872,20000,10000
"5x5",25,0.4,1,FALSE,"HHG",0.0727,0.002596434285708,659.765351175706,20000,10000
"5x5",25,0.4,1,FALSE,"Hoeffding",0.0638,0.00244396317484532,0.012383143351214,20000,10000
"5x5",25,0.4,1,FALSE,"P_n",0.0606,0.00238595138257258,3.93116822493654,20000,10000
"5x5",25,0.5,1,FALSE,"B_n",0.0678,0.00251402386623516,3.84932348041978,20000,10000
"5x5",25,0.5,1,FALSE,"ChiSq",0.209,0.00406594392484697,25.3597789115646,20000,10000
"5x5",25,0.5,1,FALSE,"dCov",0.0633,0.00243501765907354,0.436273105267678,20000,10000
"5x5",25,0.5,1,FALSE,"Genest",0.0662,0.00248631373724235,0.0438744888888872,20000,10000
"5x5",25,0.5,1,FALSE,"HHG",0.0965,0.00295275718608896,659.765351175706,20000,10000
"5x5",25,0.5,1,FALSE,"Hoeffding",0.0702,0.00255483776392944,0.012383143351214,20000,10000
"5x5",25,0.5,1,FALSE,"P_n",0.0678,0.00251402386623516,3.93116822493654,20000,10000
"5x5",25,0.6,1,FALSE,"B_n",0.0876,0.00282712291915297,3.84932348041978,20000,10000
"5x5",25,0.6,1,FALSE,"ChiSq",0.3298,0.00470140362019685,25.3597789115646,20000,10000
"5x5",25,0.6,1,FALSE,"dCov",0.085,0.00278881695347687,0.436273105267678,20000,10000
"5x5",25,0.6,1,FALSE,"Genest",0.0902,0.00286468078500904,0.0438744888888872,20000,10000
"5x5",25,0.6,1,FALSE,"HHG",0.138,0.00344899985503044,659.765351175706,20000,10000
"5x5",25,0.6,1,FALSE,"Hoeffding",0.0978,0.00297044037139277,0.012383143351214,20000,10000
"5x5",25,0.6,1,FALSE,"P_n",0.0876,0.00282712291915297,3.93116822493654,20000,10000
"5x5",25,0.7,1,FALSE,"B_n",0.1369,0.00343741748991885,3.84932348041978,20000,10000
"5x5",25,0.7,1,FALSE,"ChiSq",0.5184,0.00499661325299447,25.3597789115646,20000,10000
"5x5",25,0.7,1,FALSE,"dCov",0.1362,0.00343000816325559,0.436273105267678,20000,10000
"5x5",25,0.7,1,FALSE,"Genest",0.142,0.00349050139664777,0.0438744888888872,20000,10000
"5x5",25,0.7,1,FALSE,"HHG",0.2257,0.0041804247391862,659.765351175706,20000,10000
"5x5",25,0.7,1,FALSE,"Hoeffding",0.154,0.00360948749824681,0.012383143351214,20000,10000
"5x5",25,0.7,1,FALSE,"P_n",0.1369,0.00343741748991885,3.93116822493654,20000,10000
"5x5",25,0.8,1,FALSE,"B_n",0.2768,0.00447416763208532,3.84932348041978,20000,10000
"5x5",25,0.8,1,FALSE,"ChiSq",0.7759,0.0041698823724417,25.3597789115646,20000,10000
"5x5",25,0.8,1,FALSE,"dCov",0.2824,0.00450166902381772,0.436273105267678,20000,10000
"5x5",25,0.8,1,FALSE,"Genest",0.2896,0.0045357671897927,0.0438744888888872,20000,10000
"5x5",25,0.8,1,FALSE,"HHG",0.433,0.00495490665906029,659.765351175706,20000,10000
"5x5",25,0.8,1,FALSE,"Hoeffding",0.3133,0.00463835218585221,0.012383143351214,20000,10000
"5x5",25,0.8,1,FALSE,"P_n",0.2768,0.00447416763208532,3.93116822493654,20000,10000
"5x5",25,0.9,1,FALSE,"B_n",0.6245,0.00484251742381997,3.84932348041978,20000,10000
"5x5",25,0.9,1,FALSE,"ChiSq",0.9629,0.00189006851727656,25.3597789115646,20000,10000
"5x5",25,0.9,1,FALSE,"dCov",0.6308,0.00482588188831844,0.436273105267678,20000,10000
"5x5",25,0.9,1,FALSE,"Genest",0.6424,0.00479293480030764,0.0438744888888872,20000,10000
"5x5",25,0.9,1,FALSE,"HHG",0.7993,0.00400524044222067,659.765351175706,20000,10000
"5x5",25,0.9,1,FALSE,"Hoeffding",0.6819,0.00465738542532181,0.012383143351214,20000,10000
"5x5",25,0.9,1,FALSE,"P_n",0.6245,0.00484251742381997,3.93116822493654,20000,10000
"5x5",50,0,2,FALSE,"B_n",0.049,0.0021586801523153,9.58077094461536,20000,10000
"5x5",50,0,2,FALSE,"ChiSq",0.053,0.00224033479640879,25.7031527850657,20000,10000
"5x5",50,0,2,FALSE,"dCov",0.0488,0.00215449669296567,0.309812146910906,20000,10000
"5x5",50,0,2,FALSE,"Genest",0.0508,0.00219589070766284,0.0451218017777738,20000,10000
"5x5",50,0,2,FALSE,"HHG",0.0498,0.00217531514958178,2717.03958827517,20000,10000
"5x5",50,0,2,FALSE,"Hoeffding",0.049,0.0021586801523153,0.00651726791259981,20000,10000
"5x5",50,0,2,FALSE,"P_n",0.0496,0.00217117111255654,9.46641437287459,20000,10000
"5x5",50,0.1,2,FALSE,"B_n",0.0515,0.00221015270965605,9.58077094461536,20000,10000
"5x5",50,0.1,2,FALSE,"ChiSq",0.0572,0.00232224374259034,25.7031527850657,20000,10000
"5x5",50,0.1,2,FALSE,"dCov",0.0461,0.00209701669044383,0.309812146910906,20000,10000
"5x5",50,0.1,2,FALSE,"Genest",0.0489,0.00215658966889856,0.0451218017777738,20000,10000
"5x5",50,0.1,2,FALSE,"HHG",0.0475,0.00212705782714058,2717.03958827517,20000,10000
"5x5",50,0.1,2,FALSE,"Hoeffding",0.0487,0.00215240121724552,0.00651726791259981,20000,10000
"5x5",50,0.1,2,FALSE,"P_n",0.0509,0.00219793516737869,9.46641437287459,20000,10000
"5x5",50,0.2,2,FALSE,"B_n",0.053,0.00224033479640879,9.58077094461536,20000,10000
"5x5",50,0.2,2,FALSE,"ChiSq",0.0922,0.00289308071093774,25.7031527850657,20000,10000
"5x5",50,0.2,2,FALSE,"dCov",0.049,0.0021586801523153,0.309812146910906,20000,10000
"5x5",50,0.2,2,FALSE,"Genest",0.05,0.00217944947177034,0.0451218017777738,20000,10000
"5x5",50,0.2,2,FALSE,"HHG",0.0559,0.00229728513685176,2717.03958827517,20000,10000
"5x5",50,0.2,2,FALSE,"Hoeffding",0.0514,0.00220812227922278,0.00651726791259981,20000,10000
"5x5",50,0.2,2,FALSE,"P_n",0.053,0.00224033479640879,9.46641437287459,20000,10000
"5x5",50,0.3,2,FALSE,"B_n",0.0545,0.00227001651976368,9.58077094461536,20000,10000
"5x5",50,0.3,2,FALSE,"ChiSq",0.1606,0.00367161599299273,25.7031527850657,20000,10000
"5x5",50,0.3,2,FALSE,"dCov",0.0555,0.0022895359791888,0.309812146910906,20000,10000
"5x5",50,0.3,2,FALSE,"Genest",0.0567,0.00231268480342653,0.0451218017777738,20000,10000
"5x5",50,0.3,2,FALSE,"HHG",0.063,0.00242962960140018,2717.03958827517,20000,10000
"5x5",50,0.3,2,FALSE,"Hoeffding",0.0598,0.00237115921017548,0.00651726791259981,20000,10000
"5x5",50,0.3,2,FALSE,"P_n",0.0546,0.00227197799285116,9.46641437287459,20000,10000
"5x5",50,0.4,2,FALSE,"B_n",0.0626,0.00242242110294639,9.58077094461536,20000,10000
"5x5",50,0.4,2,FALSE,"ChiSq",0.2925,0.00454910705523622,25.7031527850657,20000,10000
"5x5",50,0.4,2,FALSE,"dCov",0.0655,0.00247406042771796,0.309812146910906,20000,10000
"5x5",50,0.4,2,FALSE,"Genest",0.0662,0.00248631373724235,0.0451218017777738,20000,10000
"5x5",50,0.4,2,FALSE,"HHG",0.0847,0.0027843474998642,2717.03958827517,20000,10000
"5x5",50,0.4,2,FALSE,"Hoeffding",0.0658,0.00247932168142821,0.00651726791259981,20000,10000
"5x5",50,0.4,2,FALSE,"P_n",0.0624,0.00241880631717382,9.46641437287459,20000,10000
"5x5",50,0.5,2,FALSE,"B_n",0.0806,0.00272219837631279,9.58077094461536,20000,10000
"5x5",50,0.5,2,FALSE,"ChiSq",0.4987,0.00499998309997144,25.7031527850657,20000,10000
"5x5",50,0.5,2,FALSE,"dCov",0.0811,0.00272988626136695,0.309812146910906,20000,10000
"5x5",50,0.5,2,FALSE,"Genest",0.0852,0.00279179082310978,0.0451218017777738,20000,10000
"5x5",50,0.5,2,FALSE,"HHG",0.1231,0.00328551959361073,2717.03958827517,20000,10000
"5x5",50,0.5,2,FALSE,"Hoeffding",0.0877,0.00282858109305708,0.00651726791259981,20000,10000
"5x5",50,0.5,2,FALSE,"P_n",0.0799,0.00271138322632563,9.46641437287459,20000,10000
"5x5",50,0.6,2,FALSE,"B_n",0.1187,0.00323435171247655,9.58077094461536,20000,10000
"5x5",50,0.6,2,FALSE,"ChiSq",0.7473,0.00434560364046239,25.7031527850657,20000,10000
"5x5",50,0.6,2,FALSE,"dCov",0.119,0.00323788511222989,0.309812146910906,20000,10000
"5x5",50,0.6,2,FALSE,"Genest",0.1287,0.00334867600702128,0.0451218017777738,20000,10000
"5x5",50,0.6,2,FALSE,"HHG",0.2171,0.00412271257790305,2717.03958827517,20000,10000
"5x5",50,0.6,2,FALSE,"Hoeffding",0.1377,0.00344584837159153,0.00651726791259981,20000,10000
"5x5",50,0.6,2,FALSE,"P_n",0.1188,0.00323553025020629,9.46641437287459,20000,10000
"5x5",50,0.7,2,FALSE,"B_n",0.2038,0.00402821995427261,9.58077094461536,20000,10000
"5x5",50,0.7,2,FALSE,"ChiSq",0.9403,0.0023693017958884,25.7031527850657,20000,10000
"5x5",50,0.7,2,FALSE,"dCov",0.2331,0.00422805380760463,0.309812146910906,20000,10000
"5x5",50,0.7,2,FALSE,"Genest",0.2422,0.00428414705629954,0.0451218017777738,20000,10000
"5x5",50,0.7,2,FALSE,"HHG",0.4077,0.00491406868083872,2717.03958827517,20000,10000
"5x5",50,0.7,2,FALSE,"Hoeffding",0.2639,0.0044074572034224,0.00651726791259981,20000,10000
"5x5",50,0.7,2,FALSE,"P_n",0.2037,0.00402748445062175,9.46641437287459,20000,10000
"5x5",50,0.8,2,FALSE,"B_n",0.4039,0.00490677888232188,9.58077094461536,20000,10000
"5x5",50,0.8,2,FALSE,"ChiSq",0.9967,0.000573507628545599,25.7031527850657,20000,10000
"5x5",50,0.8,2,FALSE,"dCov",0.4955,0.00499979749589921,0.309812146910906,20000,10000
"5x5",50,0.8,2,FALSE,"Genest",0.5072,0.00499948157312336,0.0451218017777738,20000,10000
"5x5",50,0.8,2,FALSE,"HHG",0.7317,0.00443074609969924,2717.03958827517,20000,10000
"5x5",50,0.8,2,FALSE,"Hoeffding",0.5417,0.00498258075699732,0.00651726791259981,20000,10000
"5x5",50,0.8,2,FALSE,"P_n",0.4042,0.00490736548465671,9.46641437287459,20000,10000
"5x5",50,0.9,2,FALSE,"B_n",0.8422,0.00364553370578301,9.58077094461536,20000,10000
"5x5",50,0.9,2,FALSE,"ChiSq",1,0,25.7031527850657,20000,10000
"5x5",50,0.9,2,FALSE,"dCov",0.9221,0.0026801416007368,0.309812146910906,20000,10000
"5x5",50,0.9,2,FALSE,"Genest",0.9217,0.00268643090363404,0.0451218017777738,20000,10000
"5x5",50,0.9,2,FALSE,"HHG",0.986,0.00117490425141796,2717.03958827517,20000,10000
"5x5",50,0.9,2,FALSE,"Hoeffding",0.9397,0.00238041824056194,0.00651726791259981,20000,10000
"5x5",50,0.9,2,FALSE,"P_n",0.8411,0.00365582808676776,9.46641437287459,20000,10000
"5x5",100,0,3,FALSE,"B_n",0.0514,0.00220812227922278,16.9706080786622,20000,10000
"5x5",100,0,3,FALSE,"ChiSq",0.0529,0.00223833844625874,26.0692576608091,20000,10000
"5x5",100,0,3,FALSE,"dCov",0.0519,0.00221825133832936,0.217271988978499,20000,10000
"5x5",100,0,3,FALSE,"Genest",0.055,0.0022798026230356,0.0447565951110977,20000,10000
"5x5",100,0,3,FALSE,"HHG",0.0503,0.0021856328602947,10907.85893568,20000,10000
"5x5",100,0,3,FALSE,"Hoeffding",0.0538,0.00225622605250449,0.00309516668150976,20000,10000
"5x5",100,0,3,FALSE,"P_n",0.0507,0.00219384388687983,16.8130366150341,20000,10000
"5x5",100,0.1,3,FALSE,"B_n",0.0519,0.00221825133832936,16.9706080786622,20000,10000
"5x5",100,0.1,3,FALSE,"ChiSq",0.0668,0.00249675309151706,26.0692576608091,20000,10000
"5x5",100,0.1,3,FALSE,"dCov",0.0487,0.00215240121724552,0.217271988978499,20000,10000
"5x5",100,0.1,3,FALSE,"Genest",0.0509,0.00219793516737869,0.0447565951110977,20000,10000
"5x5",100,0.1,3,FALSE,"HHG",0.0479,0.00213554653426237,10907.85893568,20000,10000
"5x5",100,0.1,3,FALSE,"Hoeffding",0.0512,0.00220405444578849,0.00309516668150976,20000,10000
"5x5",100,0.1,3,FALSE,"P_n",0.0528,0.00223633986683599,16.8130366150341,20000,10000
"5x5",100,0.2,3,FALSE,"B_n",0.0628,0.0024260288539092,16.9706080786622,20000,10000
"5x5",100,0.2,3,FALSE,"ChiSq",0.1427,0.00349766650783061,26.0692576608091,20000,10000
"5x5",100,0.2,3,FALSE,"dCov",0.052,0.00222027025382047,0.217271988978499,20000,10000
"5x5",100,0.2,3,FALSE,"Genest",0.0557,0.00229341470301383,0.0447565951110977,20000,10000
"5x5",100,0.2,3,FALSE,"HHG",0.0552,0.00228370225730063,10907.85893568,20000,10000
"5x5",100,0.2,3,FALSE,"Hoeffding",0.0557,0.00229341470301383,0.00309516668150976,20000,10000
"5x5",100,0.2,3,FALSE,"P_n",0.0619,0.00240973836754117,16.8130366150341,20000,10000
"5x5",100,0.3,3,FALSE,"B_n",0.0905,0.0028689675843411,16.9706080786622,20000,10000
"5x5",100,0.3,3,FALSE,"ChiSq",0.3229,0.00467584847915328,26.0692576608091,20000,10000
"5x5",100,0.3,3,FALSE,"dCov",0.0618,0.00240791943386817,0.217271988978499,20000,10000
"5x5",100,0.3,3,FALSE,"Genest",0.0635,0.00243860103337959,0.0447565951110977,20000,10000
"5x5",100,0.3,3,FALSE,"HHG",0.0776,0.00267541099646391,10907.85893568,20000,10000
"5x5",100,0.3,3,FALSE,"Hoeffding",0.0631,0.00243142735856945,0.00309516668150976,20000,10000
"5x5",100,0.3,3,FALSE,"P_n",0.0899,0.00286038441472471,16.8130366150341,20000,10000
"5x5",100,0.4,3,FALSE,"B_n",0.1566,0.00363423224354196,16.9706080786622,20000,10000
"5x5",100,0.4,3,FALSE,"ChiSq",0.6186,0.00485730419059791,26.0692576608091,20000,10000
"5x5",100,0.4,3,FALSE,"dCov",0.0787,0.00269269957477621,0.217271988978499,20000,10000
"5x5",100,0.4,3,FALSE,"Genest",0.0821,0.00274517012223286,0.0447565951110977,20000,10000
"5x5",100,0.4,3,FALSE,"HHG",0.118,0.00322608121410482,10907.85893568,20000,10000
"5x5",100,0.4,3,FALSE,"Hoeffding",0.0842,0.00277687522225973,0.00309516668150976,20000,10000
"5x5",100,0.4,3,FALSE,"P_n",0.1552,0.0036209523609128,16.8130366150341,20000,10000
"5x5",100,0.5,3,FALSE,"B_n",0.2863,0.00452031315286895,16.9706080786622,20000,10000
"5x5",100,0.5,3,FALSE,"ChiSq",0.8875,0.00315980616494114,26.0692576608091,20000,10000
"5x5",100,0.5,3,FALSE,"dCov",0.1156,0.00319744648117838,0.217271988978499,20000,10000
"5x5",100,0.5,3,FALSE,"Genest",0.1197,0.00324610397245683,0.0447565951110977,20000,10000
"5x5",100,0.5,3,FALSE,"HHG",0.2059,0.00404357750018471,10907.85893568,20000,10000
"5x5",100,0.5,3,FALSE,"Hoeffding",0.1236,0.00329124657234915,0.00309516668150976,20000,10000
"5x5",100,0.5,3,FALSE,"P_n",0.2857,0.0045174717486665,16.8130366150341,20000,10000
"5x5",100,0.6,3,FALSE,"B_n",0.5413,0.00498291390654103,16.9706080786622,20000,10000
"5x5",100,0.6,3,FALSE,"ChiSq",0.9912,0.00093394646527518,26.0692576608091,20000,10000
"5x5",100,0.6,3,FALSE,"dCov",0.2246,0.0041731863126393,0.217271988978499,20000,10000
"5x5",100,0.6,3,FALSE,"Genest",0.2296,0.0042057560556932,0.0447565951110977,20000,10000
"5x5",100,0.6,3,FALSE,"HHG",0.4253,0.00494388420171832,10907.85893568,20000,10000
"5x5",100,0.6,3,FALSE,"Hoeffding",0.2437,0.00429313766376062,0.00309516668150976,20000,10000
"5x5",100,0.6,3,FALSE,"P_n",0.5417,0.00498258075699732,16.8130366150341,20000,10000
"5x5",100,0.7,3,FALSE,"B_n",0.8576,0.003494599261718,16.9706080786622,20000,10000
"5x5",100,0.7,3,FALSE,"ChiSq",0.9999,9.99949998749882e-05,26.0692576608091,20000,10000
"5x5",100,0.7,3,FALSE,"dCov",0.4555,0.00498015813001957,0.217271988978499,20000,10000
"5x5",100,0.7,3,FALSE,"Genest",0.456,0.00498060237320748,0.0447565951110977,20000,10000
"5x5",100,0.7,3,FALSE,"HHG",0.7567,0.0042907471377372,10907.85893568,20000,10000
"5x5",100,0.7,3,FALSE,"Hoeffding",0.481,0.00499638869584823,0.00309516668150976,20000,10000
"5x5",100,0.7,3,FALSE,"P_n",0.8562,0.00350886819359177,16.8130366150341,20000,10000
"5x5",100,0.8,3,FALSE,"B_n",0.9948,0.000719232924719105,16.9706080786622,20000,10000
"5x5",100,0.8,3,FALSE,"ChiSq",1,0,26.0692576608091,20000,10000
"5x5",100,0.8,3,FALSE,"dCov",0.8426,0.00364177484202415,0.217271988978499,20000,10000
"5x5",100,0.8,3,FALSE,"Genest",0.8321,0.00373777460529658,0.0447565951110977,20000,10000
"5x5",100,0.8,3,FALSE,"HHG",0.9798,0.00140683900997946,10907.85893568,20000,10000
"5x5",100,0.8,3,FALSE,"Hoeffding",0.8526,0.0035450421718225,0.00309516668150976,20000,10000
"5x5",100,0.8,3,FALSE,"P_n",0.9947,0.000726079196782277,16.8130366150341,20000,10000
"5x5",100,0.9,3,FALSE,"B_n",1,0,16.9706080786622,20000,10000
"5x5",100,0.9,3,FALSE,"ChiSq",1,0,26.0692576608091,20000,10000
"5x5",100,0.9,3,FALSE,"dCov",0.9995,0.000223550889061069,0.217271988978499,20000,10000
"5x5",100,0.9,3,FALSE,"Genest",0.9988,0.000346202253025595,0.0447565951110977,20000,10000
"5x5",100,0.9,3,FALSE,"HHG",1,0,10907.85893568,20000,10000
"5x5",100,0.9,3,FALSE,"Hoeffding",0.9994,0.000244875478560032,0.00309516668150976,20000,10000
"5x5",100,0.9,3,FALSE,"P_n",1,0,16.8130366150341,20000,10000
"5x5",200,0,4,TRUE,"B_n",0.0496,0.00217117111255654,26.4052468530789,20000,10000
"5x5",200,0,4,TRUE,"ChiSq",0.0499,0.00217738352156895,26.2733122184228,20000,10000
"5x5",200,0,4,TRUE,"dCov",0.0513,0.00220608952674183,0.154333752888105,20000,10000
"5x5",200,0,4,TRUE,"Genest",0.0505,0.00218974313562116,0.0459995480554755,20000,10000
"5x5",200,0,4,TRUE,"HHG",0.0526,0.00223233599621562,43616.6644142911,20000,10000
"5x5",200,0,4,TRUE,"Hoeffding",0.05,0.00217944947177034,0.0016687694734212,20000,10000
"5x5",200,0,4,TRUE,"P_n",0.0499,0.00217738352156895,26.2733122184228,20000,10000
"5x5",200,0.1,4,TRUE,"B_n",0.0859,0.00280216327147438,26.4052468530789,20000,10000
"5x5",200,0.1,4,TRUE,"ChiSq",0.0864,0.00280953804031908,26.2733122184228,20000,10000
"5x5",200,0.1,4,TRUE,"dCov",0.052,0.00222027025382047,0.154333752888105,20000,10000
"5x5",200,0.1,4,TRUE,"Genest",0.0536,0.0022522664140816,0.0459995480554755,20000,10000
"5x5",200,0.1,4,TRUE,"HHG",0.0543,0.00226608715631151,43616.6644142911,20000,10000
"5x5",200,0.1,4,TRUE,"Hoeffding",0.0539,0.00225820260384227,0.0016687694734212,20000,10000
"5x5",200,0.1,4,TRUE,"P_n",0.0864,0.00280953804031908,26.2733122184228,20000,10000
"5x5",200,0.2,4,TRUE,"B_n",0.2855,0.00451652244542192,26.4052468530789,20000,10000
"5x5",200,0.2,4,TRUE,"ChiSq",0.2809,0.00449438749998262,26.2733122184228,20000,10000
"5x5",200,0.2,4,TRUE,"dCov",0.0546,0.00227197799285116,0.154333752888105,20000,10000
"5x5",200,0.2,4,TRUE,"Genest",0.0557,0.00229341470301383,0.0459995480554755,20000,10000
"5x5",200,0.2,4,TRUE,"HHG",0.0638,0.00244396317484532,43616.6644142911,20000,10000
"5x5",200,0.2,4,TRUE,"Hoeffding",0.0559,0.00229728513685176,0.0016687694734212,20000,10000
"5x5",200,0.2,4,TRUE,"P_n",0.2809,0.00449438749998262,26.2733122184228,20000,10000
"5x5",200,0.3,4,TRUE,"B_n",0.6796,0.00466630303345164,26.4052468530789,20000,10000
"5x5",200,0.3,4,TRUE,"ChiSq",0.6712,0.00469777138651936,26.2733122184228,20000,10000
"5x5",200,0.3,4,TRUE,"dCov",0.0707,0.00256323057878139,0.154333752888105,20000,10000
"5x5",200,0.3,4,TRUE,"Genest",0.069,0.00253454137863243,0.0459995480554755,20000,10000
"5x5",200,0.3,4,TRUE,"HHG",0.0979,0.00297179390267899,43616.6644142911,20000,10000
"5x5",200,0.3,4,TRUE,"Hoeffding",0.0704,0.00255819936674216,0.0016687694734212,20000,10000
"5x5",200,0.3,4,TRUE,"P_n",0.6712,0.00469777138651936,26.2733122184228,20000,10000
"5x5",200,0.4,4,TRUE,"B_n",0.9518,0.00214188608473934,26.4052468530789,20000,10000
"5x5",200,0.4,4,TRUE,"ChiSq",0.9494,0.00219179469841498,26.2733122184228,20000,10000
"5x5",200,0.4,4,TRUE,"dCov",0.1095,0.00312265512024623,0.154333752888105,20000,10000
"5x5",200,0.4,4,TRUE,"Genest",0.1102,0.00313138882925771,0.0459995480554755,20000,10000
"5x5",200,0.4,4,TRUE,"HHG",0.1969,0.00397656120284851,43616.6644142911,20000,10000
"5x5",200,0.4,4,TRUE,"Hoeffding",0.1094,0.00312140417120244,0.0016687694734212,20000,10000
"5x5",200,0.4,4,TRUE,"P_n",0.9494,0.00219179469841498,26.2733122184228,20000,10000
"5x5",200,0.5,4,TRUE,"B_n",0.9996,0.000199959995999189,26.4052468530789,20000,10000
"5x5",200,0.5,4,TRUE,"ChiSq",0.9995,0.000223550889061069,26.2733122184228,20000,10000
"5x5",200,0.5,4,TRUE,"dCov",0.1981,0.00398567923947726,0.154333752888105,20000,10000
"5x5",200,0.5,4,TRUE,"Genest",0.1916,0.00393559957312733,0.0459995480554755,20000,10000
"5x5",200,0.5,4,TRUE,"HHG",0.431,0.00495216114438939,43616.6644142911,20000,10000
"5x5",200,0.5,4,TRUE,"Hoeffding",0.1999,0.00399924980465087,0.0016687694734212,20000,10000
"5x5",200,0.5,4,TRUE,"P_n",0.9995,0.000223550889061069,26.2733122184228,20000,10000
"5x5",200,0.6,4,TRUE,"B_n",1,0,26.4052468530789,20000,10000
"5x5",200,0.6,4,TRUE,"ChiSq",1,0,26.2733122184228,20000,10000
"5x5",200,0.6,4,TRUE,"dCov",0.4288,0.00494904596866911,0.154333752888105,20000,10000
"5x5",200,0.6,4,TRUE,"Genest",0.4041,0.00490717016211992,0.0459995480554755,20000,10000
"5x5",200,0.6,4,TRUE,"HHG",0.7909,0.00406665943988429,43616.6644142911,20000,10000
"5x5",200,0.6,4,TRUE,"Hoeffding",0.4169,0.00493046032333696,0.0016687694734212,20000,10000
"5x5",200,0.6,4,TRUE,"P_n",1,0,26.2733122184228,20000,10000
"5x5",200,0.7,4,TRUE,"B_n",1,0,26.4052468530789,20000,10000
"5x5",200,0.7,4,TRUE,"ChiSq",1,0,26.2733122184228,20000,10000
"5x5",200,0.7,4,TRUE,"dCov",0.806,0.00395428881089887,0.154333752888105,20000,10000
"5x5",200,0.7,4,TRUE,"Genest",0.7722,0.00419412875338848,0.0459995480554755,20000,10000
"5x5",200,0.7,4,TRUE,"HHG",0.9892,0.00103360340556715,43616.6644142911,20000,10000
"5x5",200,0.7,4,TRUE,"Hoeffding",0.7794,0.00414651226936566,0.0016687694734212,20000,10000
"5x5",200,0.7,4,TRUE,"P_n",1,0,26.2733122184228,20000,10000
"5x5",200,0.8,4,TRUE,"B_n",1,0,26.4052468530789,20000,10000
"5x5",200,0.8,4,TRUE,"ChiSq",1,0,26.2733122184228,20000,10000
"5x5",200,0.8,4,TRUE,"dCov",0.9948,0.000719232924719105,0.154333752888105,20000,10000
"5x5",200,0.8,4,TRUE,"Genest",0.989,0.00104302444841912,0.0459995480554755,20000,10000
"5x5",200,0.8,4,TRUE,"HHG",1,0,43616.6644142911,20000,10000
"5x5",200,0.8,4,TRUE,"Hoeffding",0.9894,0.00102409179276079,0.0016687694734212,20000,10000
"5x5",200,0.8,4,TRUE,"P_n",1,0,26.2733122184228,20000,10000
"5x5",200,0.9,4,TRUE,"B_n",1,0,26.4052468530789,20000,10000
"5x5",200,0.9,4,TRUE,"ChiSq",1,0,26.2733122184228,20000,10000
"5x5",200,0.9,4,TRUE,"dCov",1,0,0.154333752888105,20000,10000
"5x5",200,0.9,4,TRUE,"Genest",1,0,0.0459995480554755,20000,10000
"5x5",200,0.9,4,TRUE,"HHG",1,0,43616.6644142911,20000,10000
"5x5",200,0.9,4,TRUE,"Hoeffding",1,0,0.0016687694734212,20000,10000
"5x5",200,0.9,4,TRUE,"P_n",1,0,26.2733122184228,20000,10000
